Section #,Station (m),MPD (mm),Latitude,Longitude
1,0.0 to 10.0,1.49,51.9409648079798 N,0.274277107777778 W
2,10.0 to 20.0,1.59,51.9409638755556 N,0.274132423611111 W
3,20.0 to 30.0,1.33,51.9409527598611 N,0.273979369652778 W
4,30.0 to 40.0,0.98,51.9409327911111 N,0.273839171111111 W
5,40.0 to 50.0,0.97,51.9409065567677 N,0.273701446868687 W
6,50.0 to 60.0,1.18,51.9408791366667 N,0.273562148888889 W
7,60.0 to 70.0,1.32,51.9408579792063 N,0.273419644761905 W
8,70.0 to 80.0,0.91,51.9408401234074 N,0.273277984740741 W
9,80.0 to 90.0,1.11,51.9408187426797 N,0.273136764640523 W
10,90.0 to 100.0,1.29,51.9407948959477 N,0.272997471111111 W
11,100.0 to 110.0,1.20,51.9407711622222 N,0.272857893703704 W
12,110.0 to 120.0,1.33,51.9407466379532 N,0.272719690175439 W
13,120.0 to 130.0,1.07,51.9407229277778 N,0.272581711637427 W
14,130.0 to 140.0,0.91,51.9406992173457 N,0.272439174506173 W
15,140.0 to 150.0,0.92,51.9406763682456 N,0.272296984502924 W
16,150.0 to 160.0,1.07,51.9406568513889 N,0.272155295833333 W
17,160.0 to 170.0,1.17,51.9406395802222 N,0.272012700444444 W
18,170.0 to 180.0,1.08,51.9406233977778 N,0.271871082592593 W
19,180.0 to 190.0,1.08,51.9406070079894 N,0.271728748095238 W
20,190.0 to 200.0,1.16,51.9405910407222 N,0.271587673277778 W
21,200.0 to 210.0,1.01,51.9405740584444 N,0.271443436222222 W
22,210.0 to 220.0,1.01,51.9405565438889 N,0.271301229222222 W
23,220.0 to 230.0,1.20,51.9405375960317 N,0.27115813031746 W
24,230.0 to 240.0,0.97,51.9405184742857 N,0.271016412857143 W
25,240.0 to 250.0,0.99,51.9404997984127 N,0.270875373333333 W
26,250.0 to 260.0,1.19,51.94048015 N,0.27073341 W
27,260.0 to 270.0,1.07,51.9404596198485 N,0.27059195979798 W
28,270.0 to 280.0,1.14,51.9404382294444 N,0.270451099646465 W
29,280.0 to 290.0,1.17,51.9404135998485 N,0.27031082530303 W
30,290.0 to 300.0,0.75,51.9403851570707 N,0.270171688181818 W
31,300.0 to 310.0,0.86,51.9403556350794 N,0.270035683862434 W
32,310.0 to 320.0,1.03,51.9403247077778 N,0.269899795151515 W
33,320.0 to 330.0,0.94,51.9402927820707 N,0.269761856212121 W
34,330.0 to 340.0,0.90,51.9402613944444 N,0.269625690454545 W
35,340.0 to 350.0,0.70,51.9402304506878 N,0.269490591216931 W
36,350.0 to 360.0,0.88,51.9402000047475 N,0.269354458787879 W
37,360.0 to 370.0,0.60,51.9401713055556 N,0.269213935714286 W
38,370.0 to 380.0,0.78,51.9401475135354 N,0.269072768484848 W
39,380.0 to 390.0,0.93,51.9401308948485 N,0.268930832020202 W
40,390.0 to 400.0,0.84,51.9401194034783 N,0.268789526183575 W
41,400.0 to 410.0,0.68,51.940111908744 N,0.268644283091787 W
42,410.0 to 420.0,1.00,51.9401104924638 N,0.268498650434783 W
43,420.0 to 430.0,0.78,51.9401152302899 N,0.268352572608696 W
44,430.0 to 440.0,0.68,51.9401241285507 N,0.268205947922705 W
45,440.0 to 450.0,0.70,51.9401364647343 N,0.268060007439614 W
46,450.0 to 460.0,0.70,51.9401503141546 N,0.267915990289855 W
47,460.0 to 470.0,0.76,51.9401634579365 N,0.267773032380952 W
48,470.0 to 480.0,0.60,51.9401720971958 N,0.267632042592593 W
49,480.0 to 490.0,0.88,51.9401701988889 N,0.267487783333333 W
50,490.0 to 500.0,0.85,51.9401557981667 N,0.2673444785 W
51,500.0 to 510.0,0.69,51.9401291477778 N,0.267204618 W
52,510.0 to 520.0,0.90,51.9400882997778 N,0.267076085333333 W
53,520.0 to 530.0,0.65,51.9400349799471 N,0.266958127566138 W
54,530.0 to 540.0,0.84,51.9399763042222 N,0.266851322888889 W
55,540.0 to 550.0,0.81,51.9399123203175 N,0.266752636984127 W
56,550.0 to 560.0,0.95,51.939845852 N,0.266655222888889 W
57,560.0 to 570.0,0.97,51.9397786472487 N,0.266555905502645 W
58,570.0 to 580.0,0.98,51.9397141017778 N,0.266458202888889 W
59,580.0 to 590.0,1.06,51.9396506822222 N,0.26635614015873 W
60,590.0 to 600.0,1.20,51.9395900531111 N,0.266247961555556 W
61,600.0 to 610.0,1.03,51.9395375594709 N,0.266128275925926 W
62,610.0 to 620.0,1.04,51.9394966747619 N,0.265995945555556 W
63,620.0 to 630.0,0.77,51.9394719760053 N,0.265855717619048 W
64,630.0 to 640.0,1.19,51.9394608986956 N,0.265710270821256 W
65,640.0 to 650.0,1.01,51.9394588686869 N,0.265565583333333 W
66,650.0 to 660.0,0.91,51.9394619094444 N,0.265420729722222 W
67,660.0 to 670.0,0.82,51.9394675318358 N,0.265275105217391 W
68,670.0 to 680.0,0.86,51.9394731781944 N,0.26513215125 W
69,680.0 to 690.0,0.91,51.9394762608696 N,0.264985716666667 W
70,690.0 to 700.0,1.08,51.9394776762319 N,0.264842437004831 W
71,700.0 to 710.0,1.21,51.9394783401852 N,0.264698546157407 W
72,710.0 to 720.0,1.23,51.939477556087 N,0.264553217729469 W
73,720.0 to 730.0,0.99,51.9394747577778 N,0.264407624444444 W
74,730.0 to 740.0,1.04,51.9394701422222 N,0.264262344545455 W
75,740.0 to 750.0,1.05,51.9394657586869 N,0.264116519090909 W
76,750.0 to 760.0,1.00,51.9394601001515 N,0.263971147979798 W
77,760.0 to 770.0,0.98,51.9394523041919 N,0.263829635858586 W
78,770.0 to 780.0,0.99,51.9394401255556 N,0.263687373333333 W
79,780.0 to 790.0,0.85,51.9394203190476 N,0.263549468253968 W
80,790.0 to 800.0,1.15,51.9393898030303 N,0.263413847777778 W
81,800.0 to 810.0,1.02,51.9393519285024 N,0.263283123719807 W
82,810.0 to 820.0,1.54,51.93930988625 N,0.263152706944444 W
83,820.0 to 830.0,2.19,51.9392662184259 N,0.263021909814815 W
84,830.0 to 840.0,2.36,51.93922166 N,0.262894318888889 W
85,840.0 to 850.0,1.78,51.9391757903555 N,0.262765328755556 W
86,850.0 to 860.0,2.01,51.9391305362667 N,0.262640376977778 W
87,860.0 to 870.0,2.19,51.9390850535556 N,0.262516851288889 W
88,870.0 to 880.0,0.90,51.9390382965217 N,0.262394147729469 W
89,880.0 to 890.0,0.45,51.9389900196618 N,0.262271357777778 W
90,890.0 to 900.0,0.49,51.9389418771717 N,0.262150955757576 W
91,900.0 to 910.0,0.52,51.9388941908466 N,0.262031154550265 W
92,910.0 to 920.0,0.51,51.938845042 N,0.261908321111111 W
93,920.0 to 930.0,0.55,51.9387962630864 N,0.261786330864198 W
94,930.0 to 940.0,0.83,51.9387475352992 N,0.261662976068376 W
95,940.0 to 950.0,1.34,51.9386991644445 N,0.261540637777778 W
96,950.0 to 960.0,1.39,51.938649052 N,0.261420120166667 W
97,960.0 to 970.0,1.50,51.9385950889815 N,0.261303046820988 W
98,970.0 to 980.0,1.50,51.9385404831482 N,0.261182805740741 W
99,980.0 to 990.0,0.98,51.9384899372222 N,0.261063430079365 W
100,990.0 to 1000.0,1.07,51.9384391810621 N,0.260943274591503 W
101,1000.0 to 1010.0,0.83,51.9383876932716 N,0.260825536296296 W
102,1010.0 to 1020.0,0.62,51.9383352847712 N,0.26070327745098 W
103,1020.0 to 1030.0,0.88,51.9382845949383 N,0.260588473703704 W
104,1030.0 to 1040.0,0.71,51.9382301176667 N,0.260471558888889 W
105,1040.0 to 1050.0,0.56,51.9381751756566 N,0.260358468484849 W
106,1050.0 to 1060.0,0.48,51.938118375505 N,0.260244541313131 W
107,1060.0 to 1070.0,0.46,51.9380628924396 N,0.260131265120773 W
108,1070.0 to 1080.0,0.49,51.9380054861778 N,0.260019062133333 W
109,1080.0 to 1090.0,0.51,51.9379473502778 N,0.25991032837963 W
110,1090.0 to 1100.0,0.85,51.9378873537333 N,0.259805420977778 W
111,1100.0 to 1110.0,0.66,51.9378235979487 N,0.259699792606838 W
112,1110.0 to 1120.0,0.58,51.9377610845778 N,0.259592260711111 W
113,1120.0 to 1130.0,0.58,51.9376984371795 N,0.259486892307692 W
114,1130.0 to 1140.0,0.66,51.9376359257265 N,0.259382242051282 W
115,1140.0 to 1150.0,0.58,51.937573687284 N,0.259277579012346 W
116,1150.0 to 1160.0,0.54,51.9375130734921 N,0.259168113095238 W
117,1160.0 to 1170.0,0.54,51.9374538010318 N,0.25905686765873 W
118,1170.0 to 1180.0,0.47,51.9373963363492 N,0.258943575714286 W
119,1180.0 to 1190.0,0.55,51.9373407727778 N,0.258828290555556 W
120,1190.0 to 1200.0,0.55,51.93728763 N,0.258711065396825 W
121,1200.0 to 1210.0,0.50,51.9372356660318 N,0.258591392539683 W
122,1210.0 to 1220.0,0.54,51.9371854374486 N,0.258470155679012 W
123,1220.0 to 1230.0,0.54,51.9371381763602 N,0.258348960421456 W
124,1230.0 to 1240.0,0.58,51.9370924290535 N,0.258224220246914 W
125,1240.0 to 1250.0,0.61,51.9370486925 N,0.258096018611111 W
126,1250.0 to 1260.0,0.72,51.9370076807937 N,0.257966250515873 W
127,1260.0 to 1270.0,1.19,51.9369697804598 N,0.25783461 W
128,1270.0 to 1280.0,1.13,51.9369310059524 N,0.257702316428571 W
129,1280.0 to 1290.0,0.89,51.9368925188095 N,0.257570464325397 W
130,1290.0 to 1300.0,0.67,51.936856058254 N,0.257439267619048 W
131,1300.0 to 1310.0,0.57,51.9368189568254 N,0.25730765047619 W
132,1310.0 to 1320.0,0.46,51.9367820756705 N,0.257176360574713 W
133,1320.0 to 1330.0,0.60,51.9367454253257 N,0.25704638954023 W
134,1330.0 to 1340.0,0.66,51.9367095536398 N,0.25691360394636 W
135,1340.0 to 1350.0,0.68,51.9366741764444 N,0.256780771444444 W
136,1350.0 to 1360.0,0.72,51.9366390231482 N,0.256647236296296 W
137,1360.0 to 1370.0,1.10,51.9366039722222 N,0.256510386666667 W
138,1370.0 to 1380.0,1.41,51.9365682724815 N,0.256375548296296 W
139,1380.0 to 1390.0,1.21,51.9365319877778 N,0.256243781362007 W
140,1390.0 to 1400.0,0.92,51.9364973700538 N,0.256113473960573 W
141,1400.0 to 1410.0,0.58,51.9364608235764 N,0.255982530034722 W
142,1410.0 to 1420.0,0.42,51.9364224536458 N,0.255849681388889 W
143,1420.0 to 1430.0,0.50,51.9363829488889 N,0.255719712986111 W
144,1430.0 to 1440.0,0.64,51.9363417404167 N,0.255590668194444 W
145,1440.0 to 1450.0,0.38,51.9362988092593 N,0.255462153569024 W
146,1450.0 to 1460.0,0.27,51.9362552010457 N,0.25533532372549 W
147,1460.0 to 1470.0,0.30,51.9362108148366 N,0.25520930496732 W
148,1470.0 to 1480.0,0.46,51.9361650750654 N,0.255083793464052 W
149,1480.0 to 1490.0,0.37,51.9361186072064 N,0.254959266126984 W
150,1490.0 to 1500.0,0.33,51.9360713386667 N,0.254834576666667 W
151,1500.0 to 1510.0,0.31,51.9360236199346 N,0.254711005163399 W
152,1510.0 to 1520.0,0.33,51.9359755213072 N,0.254588334575163 W
153,1520.0 to 1530.0,0.33,51.9359254862418 N,0.254465878660131 W
154,1530.0 to 1540.0,0.34,51.9358740934921 N,0.254343955015873 W
155,1540.0 to 1550.0,0.52,51.9358236211111 N,0.254227005079365 W
156,1550.0 to 1560.0,0.44,51.9357720631481 N,0.254111353148148 W
157,1560.0 to 1570.0,0.37,51.935718170463 N,0.253995900462963 W
158,1570.0 to 1580.0,0.44,51.9356631986186 N,0.253881288258258 W
159,1580.0 to 1590.0,0.37,51.9356066038438 N,0.253766804564565 W
160,1590.0 to 1600.0,0.31,51.9355498757958 N,0.253653842342342 W
161,1600.0 to 1610.0,0.31,51.9354927800585 N,0.253541574327485 W
162,1610.0 to 1620.0,0.43,51.9354350474854 N,0.253429825672515 W
163,1620.0 to 1630.0,0.42,51.9353770205263 N,0.253318714385965 W
164,1630.0 to 1640.0,0.38,51.9353188403704 N,0.253209926666667 W
165,1640.0 to 1650.0,0.44,51.935260317265 N,0.253102348632479 W
166,1650.0 to 1660.0,0.50,51.9352007757265 N,0.252993987635328 W
167,1660.0 to 1670.0,0.54,51.9351409080342 N,0.252885547150997 W
168,1670.0 to 1680.0,0.66,51.9350803855556 N,0.25277789031339 W
169,1680.0 to 1690.0,0.90,51.9350195753561 N,0.252670502649573 W
170,1690.0 to 1700.0,1.33,51.934959148547 N,0.252564019031339 W
171,1700.0 to 1710.0,1.55,51.9348985740456 N,0.252458093361823 W
172,1710.0 to 1720.0,1.94,51.9348361875 N,0.252350363888889 W
173,1720.0 to 1730.0,1.81,51.93477346875 N,0.252242519861111 W
174,1730.0 to 1740.0,1.67,51.9347126758808 N,0.252138878428184 W
175,1740.0 to 1750.0,1.70,51.9346515964444 N,0.252034812305556 W
176,1750.0 to 1760.0,1.23,51.9345904515344 N,0.251929538042328 W
177,1760.0 to 1770.0,1.24,51.9345290044444 N,0.251824757777778 W
178,1770.0 to 1780.0,1.03,51.9344666711886 N,0.251718704418605 W
179,1780.0 to 1790.0,1.48,51.9344041285859 N,0.251612613080808 W
180,1790.0 to 1800.0,1.06,51.9343421450617 N,0.251507298814815 W
181,1800.0 to 1810.0,1.17,51.9342801468116 N,0.25140129 W
182,1810.0 to 1820.0,0.78,51.9342183276329 N,0.251295977536232 W
183,1820.0 to 1830.0,0.97,51.9341574434058 N,0.251191242826087 W
184,1830.0 to 1840.0,0.65,51.934096120628 N,0.251085644492754 W
185,1840.0 to 1850.0,0.67,51.9340349019753 N,0.250978521728395 W
186,1850.0 to 1860.0,0.65,51.9339736815555 N,0.250871128518519 W
187,1860.0 to 1870.0,0.62,51.9339123568889 N,0.250764013160494 W
188,1870.0 to 1880.0,0.64,51.9338511881235 N,0.250657029234568 W
189,1880.0 to 1890.0,0.78,51.9337897761111 N,0.250550648888889 W
190,1890.0 to 1900.0,0.75,51.9337283423913 N,0.250445282125604 W
191,1900.0 to 1910.0,0.79,51.9336668941304 N,0.250338954541063 W
192,1910.0 to 1920.0,0.75,51.9336052048889 N,0.250231796148148 W
193,1920.0 to 1930.0,0.79,51.9335436937923 N,0.25012513852657 W
194,1930.0 to 1940.0,0.88,51.9334826737778 N,0.250019262666667 W
195,1940.0 to 1950.0,0.92,51.933421547679 N,0.249913571901235 W
196,1950.0 to 1960.0,1.06,51.9333596667407 N,0.249807428962963 W
197,1960.0 to 1970.0,1.41,51.9332975275062 N,0.249700928641975 W
198,1970.0 to 1980.0,1.35,51.9332364548148 N,0.249594912814815 W
199,1980.0 to 1990.0,1.31,51.9331761962802 N,0.249489259251208 W
200,1990.0 to 2000.0,0.80,51.9331153255556 N,0.249382692222222 W
201,2000.0 to 2010.0,0.83,51.933054193116 N,0.249275756135266 W
202,2010.0 to 2020.0,0.83,51.9329932727053 N,0.249169240434783 W
203,2020.0 to 2030.0,0.67,51.9329311449034 N,0.249061757922705 W
204,2030.0 to 2040.0,0.81,51.9328688822464 N,0.248954586690821 W
205,2040.0 to 2050.0,1.01,51.9328070022947 N,0.248848180628019 W
206,2050.0 to 2060.0,1.25,51.9327448371981 N,0.248741756135266 W
207,2060.0 to 2070.0,1.25,51.9326829198109 N,0.248635715035461 W
208,2070.0 to 2080.0,1.31,51.9326220211584 N,0.248530715815603 W
209,2080.0 to 2090.0,1.15,51.9325606595508 N,0.248425295248227 W
210,2090.0 to 2100.0,0.77,51.932497463286 N,0.24831660751773 W
211,2100.0 to 2110.0,0.78,51.9324426758586 N,0.248222285050505 W
212,2110.0 to 2120.0,0.71,51.9323762254167 N,0.248106427083333 W
213,2120.0 to 2130.0,0.81,51.9323152135556 N,0.247998699777778 W
214,2130.0 to 2140.0,1.20,51.932253760625 N,0.247892141527778 W
215,2140.0 to 2150.0,0.94,51.93219043875 N,0.247783889444444 W
216,2150.0 to 2160.0,0.61,51.9321266583333 N,0.247674921203704 W
217,2160.0 to 2170.0,0.93,51.9320657847619 N,0.247570683106576 W
218,2170.0 to 2180.0,1.17,51.932003502963 N,0.247464415324074 W
219,2180.0 to 2190.0,0.95,51.9319432146032 N,0.24736015031746 W
220,2190.0 to 2200.0,0.41,51.9318840979592 N,0.247256269931973 W
221,2200.0 to 2210.0,0.42,51.9318202253515 N,0.247144786213152 W
222,2210.0 to 2220.0,0.38,51.9317588461678 N,0.247040006213152 W
223,2220.0 to 2230.0,0.40,51.9316975448753 N,0.246935087709751 W
224,2230.0 to 2240.0,0.40,51.931635364195 N,0.246827348798186 W
225,2240.0 to 2250.0,0.29,51.9315726600454 N,0.246718764875283 W
226,2250.0 to 2260.0,0.27,51.9315109194331 N,0.246612036417234 W
227,2260.0 to 2270.0,0.46,51.9314498485941 N,0.246505914897959 W
228,2270.0 to 2280.0,0.48,51.9313886561778 N,0.246399847155556 W
229,2280.0 to 2290.0,0.49,51.9313283711791 N,0.246293658888889 W
230,2290.0 to 2300.0,0.37,51.9312687744444 N,0.246187854557823 W
231,2300.0 to 2310.0,0.42,51.9312064504989 N,0.246079251836735 W
232,2310.0 to 2320.0,0.43,51.9311448636508 N,0.245972015714286 W
233,2320.0 to 2330.0,0.39,51.9310830617007 N,0.245864833650794 W
234,2330.0 to 2340.0,0.46,51.9310214541778 N,0.245757856844444 W
235,2340.0 to 2350.0,0.41,51.9309596964444 N,0.245650538844444 W
236,2350.0 to 2360.0,0.34,51.9308971108 N,0.245541642 W
237,2360.0 to 2370.0,0.30,51.9308371788889 N,0.24543645 W
238,2370.0 to 2380.0,0.29,51.93077682 N,0.245330416666667 W
239,2380.0 to 2390.0,0.29,51.9307156309804 N,0.245223472679739 W
240,2390.0 to 2400.0,0.30,51.930654338 N,0.245116248333333 W
241,2400.0 to 2410.0,0.27,51.9305923398222 N,0.245007156755556 W
242,2410.0 to 2420.0,0.31,51.9305312134858 N,0.244899301285403 W
243,2420.0 to 2430.0,0.28,51.9304701618667 N,0.244791260822222 W
244,2430.0 to 2440.0,0.35,51.9304097814 N,0.244684192155556 W
245,2440.0 to 2450.0,0.68,51.9303496257333 N,0.244577321422222 W
246,2450.0 to 2460.0,0.97,51.9302888440889 N,0.244468798355556 W
247,2460.0 to 2470.0,1.18,51.9302289964889 N,0.244361174044444 W
248,2470.0 to 2480.0,0.42,51.9301684093333 N,0.244251432444444 W
249,2480.0 to 2490.0,0.30,51.9301084426144 N,0.244142085359477 W
250,2490.0 to 2500.0,0.32,51.9300485961778 N,0.244032372533333 W
251,2500.0 to 2510.0,0.35,51.9299875911778 N,0.243919780777778 W
252,2510.0 to 2520.0,0.34,51.9299290471111 N,0.243811083555556 W
253,2520.0 to 2530.0,0.32,51.9298685777778 N,0.243698932888889 W
254,2530.0 to 2540.0,0.25,51.9298093112 N,0.243591529866667 W
255,2540.0 to 2550.0,0.25,51.9297500755556 N,0.243484222488889 W
256,2550.0 to 2560.0,0.24,51.9296903353968 N,0.243374023015873 W
257,2560.0 to 2570.0,0.25,51.9296319236508 N,0.243266231111111 W
258,2570.0 to 2580.0,0.27,51.9295734797732 N,0.243157723764172 W
259,2580.0 to 2590.0,0.30,51.9295141007936 N,0.243048281111111 W
260,2590.0 to 2600.0,0.37,51.9294546837415 N,0.242938442426304 W
261,2600.0 to 2610.0,0.48,51.9293961066667 N,0.242829281851852 W
262,2610.0 to 2620.0,0.47,51.9293374576389 N,0.242720278680556 W
263,2620.0 to 2630.0,0.49,51.9292783456974 N,0.24260922643026 W
264,2630.0 to 2640.0,0.56,51.9292193416667 N,0.242498107777778 W
265,2640.0 to 2650.0,0.54,51.929160415625 N,0.242386416828704 W
266,2650.0 to 2660.0,0.49,51.9291025377069 N,0.242276728439716 W
267,2660.0 to 2670.0,0.39,51.929044930463 N,0.242167325833333 W
268,2670.0 to 2680.0,0.41,51.9289875112963 N,0.242056692407407 W
269,2680.0 to 2690.0,0.47,51.9289304935828 N,0.241946062970522 W
270,2690.0 to 2700.0,0.44,51.9288728361111 N,0.241834024722222 W
271,2700.0 to 2710.0,0.50,51.9288153175926 N,0.241722573518519 W
272,2710.0 to 2720.0,0.50,51.9287578046296 N,0.241610764375 W
273,2720.0 to 2730.0,0.64,51.9287005511111 N,0.241498150833333 W
274,2730.0 to 2740.0,0.41,51.9286434712018 N,0.2413849038322 W
275,2740.0 to 2750.0,0.41,51.9285866932407 N,0.241271638425926 W
276,2750.0 to 2760.0,0.41,51.9285305098818 N,0.241157643262411 W
277,2760.0 to 2770.0,0.49,51.9284724338771 N,0.241038336099291 W
278,2770.0 to 2780.0,0.47,51.9284177834028 N,0.240924348263889 W
279,2780.0 to 2790.0,0.38,51.9283639053472 N,0.240810265486111 W
280,2790.0 to 2800.0,0.40,51.9283109986806 N,0.240696580949074 W
281,2800.0 to 2810.0,0.40,51.9282575060417 N,0.240579519861111 W
282,2810.0 to 2820.0,0.43,51.9282030739352 N,0.240459032986111 W
283,2820.0 to 2830.0,0.43,51.9281494102778 N,0.240339479953704 W
284,2830.0 to 2840.0,0.39,51.9280967655556 N,0.240220367916667 W
285,2840.0 to 2850.0,0.37,51.9280449675177 N,0.240101405791962 W
286,2850.0 to 2860.0,0.37,51.9279935856944 N,0.239981784583333 W
287,2860.0 to 2870.0,0.40,51.9279432255555 N,0.23986112125 W
288,2870.0 to 2880.0,0.38,51.9278947117258 N,0.239741403404255 W
289,2880.0 to 2890.0,0.45,51.9278466463889 N,0.239621020023148 W
290,2890.0 to 2900.0,0.40,51.9277977488889 N,0.239497255185185 W
291,2900.0 to 2910.0,0.39,51.9277494040189 N,0.239372989739953 W
292,2910.0 to 2920.0,0.48,51.9277009990741 N,0.239247242037037 W
293,2920.0 to 2930.0,0.51,51.9276561276389 N,0.239129297847222 W
294,2930.0 to 2940.0,0.71,51.9276070030093 N,0.238997007314815 W
295,2940.0 to 2950.0,0.41,51.9275618970833 N,0.238871260925926 W
296,2950.0 to 2960.0,0.38,51.9275176647454 N,0.23874461525463 W
297,2960.0 to 2970.0,0.46,51.9274742280556 N,0.238617805208333 W
298,2970.0 to 2980.0,0.60,51.9274315797222 N,0.238490141481482 W
299,2980.0 to 2990.0,0.77,51.9273897530556 N,0.238361303611111 W
300,2990.0 to 3000.0,0.85,51.92734882513 N,0.238231949550827 W
301,3000.0 to 3010.0,0.71,51.9273088943056 N,0.238101259236111 W
302,3010.0 to 3020.0,0.50,51.9272703155556 N,0.237969781111111 W
303,3020.0 to 3030.0,0.53,51.9272328861111 N,0.237837289613527 W
304,3030.0 to 3040.0,0.77,51.9271968053623 N,0.237704800531401 W
305,3040.0 to 3050.0,0.64,51.927162189227 N,0.237572432560386 W
306,3050.0 to 3060.0,0.64,51.9271284206173 N,0.237438157160494 W
307,3060.0 to 3070.0,0.65,51.9270958304348 N,0.237303478695652 W
308,3070.0 to 3080.0,0.64,51.9270643982222 N,0.237167882 W
309,3080.0 to 3090.0,1.12,51.9270332670123 N,0.237029993012346 W
310,3090.0 to 3100.0,0.92,51.9270035138636 N,0.236891821439394 W
311,3100.0 to 3110.0,0.62,51.9269755866667 N,0.236754387222222 W
312,3110.0 to 3120.0,0.63,51.9269478511111 N,0.236611396666667 W
313,3120.0 to 3130.0,0.65,51.9269229912145 N,0.236479378242894 W
314,3130.0 to 3140.0,0.39,51.9268974661905 N,0.236338138201058 W
315,3140.0 to 3150.0,0.43,51.9268732359948 N,0.236197071602067 W
316,3150.0 to 3160.0,0.62,51.9268498946032 N,0.236056214444444 W
317,3160.0 to 3170.0,0.56,51.9268274716667 N,0.235908573148148 W
318,3170.0 to 3180.0,0.51,51.9268076057995 N,0.235766982330623 W
319,3180.0 to 3190.0,0.59,51.9267889307937 N,0.235621400634921 W
320,3190.0 to 3200.0,0.62,51.9267727132791 N,0.235485024850949 W
321,3200.0 to 3210.0,0.77,51.9267559183469 N,0.235333804444444 W
322,3210.0 to 3220.0,0.64,51.9267411457936 N,0.235190779761905 W
323,3220.0 to 3230.0,0.52,51.9267275003175 N,0.235047167460317 W
324,3230.0 to 3240.0,0.58,51.9267144576455 N,0.234896802645503 W
325,3240.0 to 3250.0,0.41,51.92670351354 N,0.234759503255814 W
326,3250.0 to 3260.0,0.52,51.9266929067196 N,0.234613814338624 W
327,3260.0 to 3270.0,0.48,51.9266837345238 N,0.234467602936508 W
328,3270.0 to 3280.0,0.34,51.9266773272222 N,0.23432984 W
329,3280.0 to 3290.0,0.39,51.9266715294974 N,0.234178591507936 W
330,3290.0 to 3300.0,0.71,51.9266668955556 N,0.234034109232804 W
331,3300.0 to 3310.0,0.72,51.9266635007497 N,0.233884476974565 W
332,3310.0 to 3320.0,1.03,51.9266614426984 N,0.233743922380952 W
333,3320.0 to 3330.0,0.95,51.9266604311111 N,0.233596499457364 W
334,3330.0 to 3340.0,1.41,51.926660109354 N,0.233450687777778 W
335,3340.0 to 3350.0,1.17,51.9266605680103 N,0.233299761912145 W
336,3350.0 to 3360.0,0.96,51.9266625060724 N,0.23315908503876 W
337,3360.0 to 3370.0,0.68,51.9266660615504 N,0.233011840374677 W
338,3370.0 to 3380.0,0.59,51.9266707374419 N,0.232864588501292 W
339,3380.0 to 3390.0,0.69,51.9266770214987 N,0.232717829638243 W
340,3390.0 to 3400.0,0.78,51.9266846203101 N,0.23257134129199 W
341,3400.0 to 3410.0,0.66,51.9266937972868 N,0.232425826821705 W
342,3410.0 to 3420.0,0.62,51.9267041324031 N,0.232280285736434 W
343,3420.0 to 3430.0,0.60,51.9267156065116 N,0.232135679483204 W
344,3430.0 to 3440.0,0.79,51.9267281518088 N,0.231991142273902 W
345,3440.0 to 3450.0,0.88,51.9267417650904 N,0.231846750594315 W
346,3450.0 to 3460.0,0.86,51.9267564788372 N,0.231702836330749 W
347,3460.0 to 3470.0,0.73,51.9267717286869 N,0.231559478207071 W
348,3470.0 to 3480.0,0.45,51.9267880574074 N,0.231416837111111 W
349,3480.0 to 3490.0,0.59,51.9268063557982 N,0.231274147024266 W
350,3490.0 to 3500.0,0.35,51.9268259060353 N,0.231130566085859 W
351,3500.0 to 3510.0,0.45,51.9268462321212 N,0.230988783080808 W
352,3510.0 to 3520.0,0.41,51.9268676042172 N,0.230848829217172 W
353,3520.0 to 3530.0,0.34,51.9268894985859 N,0.230707641616162 W
354,3530.0 to 3540.0,0.41,51.926911663037 N,0.230567576296296 W
355,3540.0 to 3550.0,0.36,51.9269345875556 N,0.230427431185185 W
356,3550.0 to 3560.0,0.31,51.9269582881481 N,0.230287168148148 W
357,3560.0 to 3570.0,0.26,51.9269832185393 N,0.23014286937578 W
358,3570.0 to 3580.0,0.26,51.9270070674074 N,0.230007048888889 W
359,3580.0 to 3590.0,0.24,51.9270319749354 N,0.229866297390181 W
360,3590.0 to 3600.0,0.26,51.927056698 N,0.229724270888889 W
361,3600.0 to 3610.0,0.30,51.9270798855556 N,0.229589916521739 W
362,3610.0 to 3620.0,0.31,51.9271055916543 N,0.229441380123457 W
363,3620.0 to 3630.0,0.29,51.9271297166667 N,0.229301141111111 W
364,3630.0 to 3640.0,0.29,51.927154230314 N,0.229161771400966 W
365,3640.0 to 3650.0,0.24,51.9271789883333 N,0.229022757222222 W
366,3650.0 to 3660.0,0.28,51.9272038142029 N,0.228883902608696 W
367,3660.0 to 3670.0,0.30,51.9272288150725 N,0.228744513140097 W
368,3670.0 to 3680.0,0.36,51.9272537945627 N,0.228605164586288 W
369,3680.0 to 3690.0,0.30,51.9272790524114 N,0.228462494160757 W
370,3690.0 to 3700.0,0.34,51.9273034833806 N,0.228322858770686 W
371,3700.0 to 3710.0,0.34,51.9273282324306 N,0.228183326851852 W
372,3710.0 to 3720.0,0.45,51.9273530004795 N,0.228048017578947 W
373,3720.0 to 3730.0,0.66,51.9273796221296 N,0.227902379953704 W
374,3730.0 to 3740.0,0.37,51.9274049324768 N,0.227762163032407 W
375,3740.0 to 3750.0,0.36,51.9274302755556 N,0.227621935277778 W
376,3750.0 to 3760.0,0.33,51.9274553569444 N,0.227482221666667 W
377,3760.0 to 3770.0,0.36,51.9274803533333 N,0.227341962777778 W
378,3770.0 to 3780.0,0.37,51.9275052976596 N,0.227202137234043 W
379,3780.0 to 3790.0,0.42,51.9275297934694 N,0.227062467324263 W
380,3790.0 to 3800.0,0.47,51.9275541730969 N,0.226922938250591 W
381,3800.0 to 3810.0,0.41,51.927578430463 N,0.226782703287037 W
382,3810.0 to 3820.0,0.39,51.9276022573286 N,0.226642707517731 W
383,3820.0 to 3830.0,0.40,51.9276267082033 N,0.226503019905437 W
384,3830.0 to 3840.0,0.41,51.9276516796454 N,0.226362825791962 W
385,3840.0 to 3850.0,0.43,51.9276767225448 N,0.226223425412186 W
386,3850.0 to 3860.0,0.41,51.9277019883575 N,0.226083874444444 W
387,3860.0 to 3870.0,0.54,51.9277273884127 N,0.225944186349206 W
388,3870.0 to 3880.0,0.86,51.9277525968841 N,0.225804063792271 W
389,3880.0 to 3890.0,0.85,51.9277784342963 N,0.225658996148148 W
390,3890.0 to 3900.0,0.88,51.9278021005432 N,0.225526455407407 W
391,3900.0 to 3910.0,0.63,51.9278271032346 N,0.225385795209877 W
392,3910.0 to 3920.0,0.36,51.9278518550505 N,0.225246823939394 W
393,3920.0 to 3930.0,0.37,51.9278760820707 N,0.225107587979798 W
394,3930.0 to 3940.0,1.02,51.9279002778535 N,0.224968329015152 W
395,3940.0 to 3950.0,1.46,51.9279243305556 N,0.224828073888889 W
396,3950.0 to 3960.0,1.54,51.92794811 N,0.224686081111111 W
397,3960.0 to 3970.0,1.47,51.9279712198966 N,0.224545847855297 W
398,3970.0 to 3980.0,1.25,51.9279937160465 N,0.224405080310077 W
399,3980.0 to 3990.0,1.40,51.9280147345995 N,0.224264462403101 W
400,3990.0 to 4000.0,1.30,51.928034432584 N,0.224122737235142 W
401,4000.0 to 4010.0,1.52,51.9280530606349 N,0.223981712539683 W
402,4010.0 to 4020.0,1.68,51.9280703053175 N,0.223840086507937 W
403,4020.0 to 4030.0,1.33,51.9280866022764 N,0.223698468048781 W
404,4030.0 to 4040.0,1.43,51.9281017503794 N,0.223555560460705 W
405,4040.0 to 4050.0,1.22,51.9281158219512 N,0.223412845067751 W
406,4050.0 to 4060.0,1.00,51.9281284820513 N,0.223268285527066 W
407,4060.0 to 4070.0,0.89,51.9281404436752 N,0.223123957606838 W
408,4070.0 to 4080.0,1.33,51.9281511120468 N,0.222978143567251 W
409,4080.0 to 4090.0,1.21,51.9281610207508 N,0.222833053033033 W
410,4090.0 to 4100.0,1.31,51.9281696773457 N,0.222686618425926 W
411,4100.0 to 4110.0,0.90,51.9281775535354 N,0.222545117171717 W
412,4110.0 to 4120.0,0.51,51.928184885914 N,0.222394917455197 W
